{
    "foreground_intensity_properties_per_channel": {
        "0": {
            "max": 3071.0,
            "mean": 161.64767456054688,
            "median": 182.0,
            "min": -1103.0,
            "percentile_00_5": -840.0,
            "percentile_99_5": 778.0,
            "std": 241.90689086914062
        }
    },
    "median_relative_size_after_cropping": 1.0,
    "shapes_after_crop": [
        [
            480,
            512,
            512
        ],
        [
            555,
            512,
            512
        ],
        [
            1081,
            512,
            512
        ],
        [
            457,
            512,
            512
        ],
        [
            730,
            512,
            512
        ],
        [
            1323,
            512,
            512
        ],
        [
            436,
            512,
            512
        ],
        [
            540,
            512,
            512
        ],
        [
            729,
            512,
            512
        ],
        [
            1497,
            512,
            512
        ],
        [
            629,
            512,
            512
        ],
        [
            436,
            512,
            512
        ],
        [
            808,
            512,
            512
        ],
        [
            390,
            512,
            512
        ],
        [
            826,
            512,
            512
        ],
        [
            702,
            512,
            512
        ],
        [
            450,
            512,
            512
        ],
        [
            733,
            512,
            512
        ],
        [
            1074,
            512,
            512
        ],
        [
            784,
            512,
            512
        ],
        [
            582,
            512,
            512
        ],
        [
            873,
            512,
            512
        ],
        [
            1056,
            512,
            512
        ],
        [
            671,
            512,
            512
        ],
        [
            922,
            512,
            512
        ],
        [
            729,
            512,
            512
        ],
        [
            779,
            512,
            512
        ],
        [
            800,
            512,
            512
        ],
        [
            747,
            512,
            512
        ],
        [
            741,
            512,
            512
        ],
        [
            1020,
            512,
            512
        ],
        [
            863,
            512,
            512
        ],
        [
            1145,
            512,
            512
        ],
        [
            1316,
            512,
            512
        ],
        [
            946,
            512,
            512
        ],
        [
            808,
            512,
            512
        ],
        [
            2046,
            512,
            512
        ],
        [
            1128,
            512,
            512
        ],
        [
            848,
            512,
            512
        ],
        [
            1146,
            512,
            512
        ],
        [
            1096,
            512,
            512
        ],
        [
            813,
            512,
            512
        ],
        [
            616,
            512,
            512
        ],
        [
            1016,
            512,
            512
        ],
        [
            974,
            512,
            512
        ],
        [
            819,
            512,
            512
        ],
        [
            1086,
            512,
            512
        ],
        [
            952,
            512,
            512
        ],
        [
            1661,
            512,
            512
        ],
        [
            663,
            512,
            512
        ],
        [
            837,
            512,
            512
        ],
        [
            834,
            512,
            512
        ],
        [
            774,
            512,
            512
        ],
        [
            1029,
            512,
            512
        ],
        [
            825,
            512,
            512
        ],
        [
            828,
            512,
            512
        ],
        [
            1689,
            512,
            512
        ],
        [
            1664,
            512,
            512
        ],
        [
            933,
            512,
            512
        ],
        [
            1077,
            512,
            512
        ],
        [
            798,
            512,
            512
        ],
        [
            1502,
            512,
            512
        ],
        [
            595,
            512,
            512
        ],
        [
            584,
            512,
            512
        ],
        [
            687,
            512,
            512
        ],
        [
            643,
            512,
            512
        ],
        [
            1154,
            512,
            512
        ],
        [
            400,
            512,
            512
        ],
        [
            614,
            512,
            512
        ],
        [
            757,
            512,
            512
        ],
        [
            683,
            512,
            512
        ],
        [
            895,
            512,
            512
        ],
        [
            3913,
            512,
            512
        ],
        [
            444,
            512,
            512
        ],
        [
            570,
            512,
            512
        ],
        [
            516,
            512,
            512
        ],
        [
            1280,
            512,
            512
        ],
        [
            870,
            512,
            512
        ],
        [
            447,
            512,
            512
        ],
        [
            707,
            512,
            512
        ],
        [
            741,
            512,
            512
        ],
        [
            726,
            512,
            512
        ],
        [
            931,
            512,
            512
        ],
        [
            614,
            512,
            512
        ],
        [
            444,
            512,
            512
        ],
        [
            646,
            512,
            512
        ],
        [
            570,
            512,
            512
        ]
    ],